img_src,link_addr,item_title
https://image.msscdn.net/images/goods_img/20210917/2140335/2140335_9_125.jpg,https://www.musinsa.com/app/goods/2140335,"


                  비건 레더 오버핏 블루종 [블랙]
                
"
https://image.msscdn.net/images/goods_img/20200901/1576700/1576700_8_125.jpg,https://www.musinsa.com/app/goods/1576700,"


                  오버핏 비건레더 싱글 자켓
                
"
https://image.msscdn.net/images/goods_img/20220901/2760954/2760954_2_125.jpg,https://www.musinsa.com/app/goods/2760954,"


                  7056 VEGAN LEATHER THYNSULATE PADDING_CREAM
                
"
https://image.msscdn.net/images/goods_img/20240108/3781551/3781551_17132311192233_125.jpg,https://www.musinsa.com/app/goods/3781551,"


                  86-IRO237 [비건스웨이드] 바이커 칼라 스웨이드 자켓 카키
                
"
https://image.msscdn.net/images/goods_img/20230919/3574377/3574377_17050417310596_125.jpg,https://www.musinsa.com/app/goods/3574377,"


                  85-VIVA017 [비건 레더] 트리밍 라인 바시티 레더 자켓 블랙
                
"
https://image.msscdn.net/images/goods_img/20220215/2360745/2360745_16806612684468_125.jpg,https://www.musinsa.com/app/goods/2360745,"


                  비건 레더 오버핏 미니멀 레더 싱글 점퍼 자켓
                
"
https://image.msscdn.net/images/goods_img/20210309/1833604/1833604_1_125.jpg,https://www.musinsa.com/app/goods/1833604,"


                  PLMT 아트피셜 자켓(블랙)
                
"
https://image.msscdn.net/images/goods_img/20240115/3794818/3794818_17062311962918_125.jpg,https://www.musinsa.com/app/goods/3794818,"


                  [무료반품] 레더 라인 바이커 자켓_블랙
                
"
https://image.msscdn.net/images/goods_img/20230809/3453194/3453194_16927931238354_125.jpg,https://www.musinsa.com/app/goods/3453194,"


                  버핑레더 디바이드 바이커 자켓_Suede Brown
                
"
https://image.msscdn.net/images/goods_img/20210826/2090857/2090857_16913970171173_125.jpg,https://www.musinsa.com/app/goods/2090857,"


                  비건레더 더블 오버핏 라이더 자켓 man-BK
                
"
https://image.msscdn.net/images/goods_img/20230802/3442023/3442023_17103852637544_125.jpg,https://www.musinsa.com/app/goods/3442023,"


                  에코레더 하프 자켓 [브라운]
                
"
https://image.msscdn.net/images/goods_img/20210826/2091200/2091200_2_125.jpg,https://www.musinsa.com/app/goods/2091200,"


                  549 비건 레더 미니멀 자켓_블랙
                
"
https://image.msscdn.net/images/goods_img/20221226/2996370/2996370_1_125.jpg,https://www.musinsa.com/app/goods/2996370,"


                  비건 스웨이드 크롭 싱글 집업 트러커 자켓 점퍼
                
"
https://image.msscdn.net/images/goods_img/20240208/3858551/3858551_17073689161884_125.jpg,https://www.musinsa.com/app/goods/3858551,"


                  남성 베지터블 비건레더 블루종_ZE1JP131_DBK
                
"
https://image.msscdn.net/images/goods_img/20200901/1576682/1576682_6_125.jpg,https://www.musinsa.com/app/goods/1576682,"


                  오버핏 램스킨 싱글 자켓
                
"
https://image.msscdn.net/images/goods_img/20230828/3504439/3504439_16971715011827_125.jpg,https://www.musinsa.com/app/goods/3504439,"


                  워시드 에코 레더 레이서 자켓 (DARK BROWN)
                
"
https://image.msscdn.net/images/goods_img/20231006/3608998/3608998_16971799016828_125.jpg,https://www.musinsa.com/app/goods/3608998,"


                  Leather ver. Tribal Logo Racing Jacket - Black
                
"
https://image.msscdn.net/images/goods_img/20210917/2139011/2139011_3_125.jpg,https://www.musinsa.com/app/goods/2139011,"


                  465-1 비건 레더 오버핏 자켓
                
"
https://image.msscdn.net/images/goods_img/20230213/3080159/3080159_16762824876016_125.jpg,https://www.musinsa.com/app/goods/3080159,"


                  SIOT4075 Leather Bomber Jacket_Brown
                
"
https://image.msscdn.net/images/goods_img/20231005/3604232/3604232_17084774516725_125.jpg,https://www.musinsa.com/app/goods/3604232,"


                  레더 바이커 자켓 (그레이)
                
"
https://image.msscdn.net/images/goods_img/20240109/3783812/3783812_17080528677573_125.jpg,https://www.musinsa.com/app/goods/3783812,"


                  [Woman]버핑레더 오버 히든 블레이져_Black
                
"
https://image.msscdn.net/images/goods_img/20211231/2287605/2287605_17132378923304_125.jpg,https://www.musinsa.com/app/goods/2287605,"


                  IRO086 [비건레더] 크루얼티프리 싱글 카라넥 레더 자켓 아이보리
                
"
https://image.msscdn.net/images/goods_img/20230306/3125292/3125292_16976153322800_125.jpg,https://www.musinsa.com/app/goods/3125292,"


                  레이서 자켓 - 그레이
                
"
https://image.msscdn.net/images/goods_img/20211018/2184668/2184668_3_125.jpg,https://www.musinsa.com/app/goods/2184668,"


                  [비건레더]오버핏 싱글 레더 라이더 자켓 _BLACK
                
"
https://image.msscdn.net/images/goods_img/20151021/267464/267464_16933037620068_125.jpg,https://www.musinsa.com/app/goods/267464,"


                  CLASSIC RIDERS JACKET [BLACK]
                
"
https://image.msscdn.net/images/goods_img/20210714/2029419/2029419_17132378395174_125.jpg,https://www.musinsa.com/app/goods/2029419,"


                  IRO086 [비건레더] 크루얼티프리 싱글 카라넥 레더 자켓 블랙
                
"
https://image.msscdn.net/images/goods_img/20160906/406537/406537_5_125.jpg,https://www.musinsa.com/app/goods/406537,"


                  카우하이드 싱글 자켓
                
"
https://image.msscdn.net/images/goods_img/20240417/4062029/4062029_17133440099732_125.jpg,https://www.musinsa.com/app/goods/4062029,"


                  Flooded Faux Leather Jacket (Black)
                
"
https://image.msscdn.net/images/goods_img/20230824/3495283/3495283_16932722656470_125.jpg,https://www.musinsa.com/app/goods/3495283,"


                  포 포켓 비건 레더 자켓 브라운
                
"
https://image.msscdn.net/images/goods_img/20240201/3840961/3840961_17079541582794_125.jpg,https://www.musinsa.com/app/goods/3840961,"


                  Vegan Leather Suede Racer Jacket in Black
                
"
https://image.msscdn.net/images/goods_img/20240108/3781923/3781923_17062359527201_125.jpg,https://www.musinsa.com/app/goods/3781923,"


                  버핑레더&스웨이드 버클넥 레더 자켓_Cafe Brown
                
"
https://image.msscdn.net/images/goods_img/20240225/3898902/3898902_17088512744154_125.jpg,https://www.musinsa.com/app/goods/3898902,"


                  웨스턴 크랙 레더 자켓_블랙
                
"
https://image.msscdn.net/images/goods_img/20231019/3641951/3641951_16977004060487_125.jpg,https://www.musinsa.com/app/goods/3641951,"


                  카이 레더 봄버 자켓_블랙
                
"
https://image.msscdn.net/images/goods_img/20221023/2884941/2884941_1_125.jpg,https://www.musinsa.com/app/goods/2884941,"


                  세일러카라 비건레더 자켓 (블랙)
                
"
https://image.msscdn.net/images/goods_img/20240109/3783806/3783806_17080523103091_125.jpg,https://www.musinsa.com/app/goods/3783806,"


                  [Woman]버핑레더 스탠딩 크롭 레더 자켓_Black
                
"
https://image.msscdn.net/images/goods_img/20240108/3781534/3781534_17132318465629_125.jpg,https://www.musinsa.com/app/goods/3781534,"


                  86-IRO231 [비건스웨이드] 커브드 스티치 블루종 스웨이드 자켓 블랙
                
"
https://image.msscdn.net/images/goods_img/20240225/3898909/3898909_17088517436511_125.jpg,https://www.musinsa.com/app/goods/3898909,"


                  오버사이즈 비건 레더 자켓_블랙
                
"
https://image.msscdn.net/images/goods_img/20230801/3438472/3438472_17113394847528_125.jpg,https://www.musinsa.com/app/goods/3438472,"


                  크랙 버튼 카라 자켓 (FOR WOMAN)
                
"
https://image.msscdn.net/images/goods_img/20230818/3477452/3477452_16935346545771_125.png,https://www.musinsa.com/app/goods/3477452,"


                  어센틱 워시드 비건 레더 자켓_블랙
                
"
https://image.msscdn.net/images/goods_img/20210112/1744440/1744440_6_125.jpg,https://www.musinsa.com/app/goods/1744440,"


                  프리미엄 램스킨 베지터블 스탠드카라 자켓
                
"
https://image.msscdn.net/images/goods_img/20240219/3879263/3879263_17089555135961_125.jpg,https://www.musinsa.com/app/goods/3879263,"


                  WOMEN 오버핏 소프트 가죽 레더 블레이저[BLACK] 가죽자켓 ver.
                
"
https://image.msscdn.net/images/goods_img/20230630/3390544/3390544_17050376557290_125.jpg,https://www.musinsa.com/app/goods/3390544,"


                  87-STAN014 [비건 레더] 후드 스트링 레더 자켓 블랙
                
"
https://image.msscdn.net/images/goods_img/20231107/3690858/3690858_16994267924767_125.jpg,https://www.musinsa.com/app/goods/3690858,"


                  비건 가죽 블루종 자켓 (GRAYSON JK)
                
"
https://image.msscdn.net/images/goods_img/20210917/2140314/2140314_11_125.jpg,https://www.musinsa.com/app/goods/2140314,"


                  비건 레더 오버핏 블루종 [브라운]
                
"
https://image.msscdn.net/images/goods_img/20240214/3866891/3866891_17083112281051_125.jpg,https://www.musinsa.com/app/goods/3866891,"


                  데이 레더 크롭 자켓 블랙
                
"
https://image.msscdn.net/images/goods_img/20220727/2685207/2685207_3_125.jpg,https://www.musinsa.com/app/goods/2685207,"


                  타이슨 바이커 - 블랙
                
"
https://image.msscdn.net/images/goods_img/20240226/3899718/3899718_17089328106174_125.jpg,https://www.musinsa.com/app/goods/3899718,"


                  faux leather over-fit blazer (black)
                
"
https://image.msscdn.net/images/goods_img/20230801/3440007/3440007_16922540235562_125.jpg,https://www.musinsa.com/app/goods/3440007,"


                  오버핏 에센셜 비건레더 자켓 브라운
                
"
https://image.msscdn.net/images/goods_img/20240124/3818784/3818784_17062331935931_125.jpg,https://www.musinsa.com/app/goods/3818784,"


                  워시드 레더 프렌치 워크 자켓 브라운
                
"
https://image.msscdn.net/images/goods_img/20230630/3390575/3390575_16927661876400_125.jpg,https://www.musinsa.com/app/goods/3390575,"


                  87-STAN018 [비건 레더] 커브드 블루종 레더 자켓 아이보리
                
"
https://image.msscdn.net/images/goods_img/20230630/3390530/3390530_16927658996058_125.jpg,https://www.musinsa.com/app/goods/3390530,"


                  87-STAN012 [비건 레더] 하이넥 포켓 레더 자켓 블랙
                
"
https://image.msscdn.net/images/goods_img/20230125/3037739/3037739_16752309715590_125.jpg,https://www.musinsa.com/app/goods/3037739,"


                  [차은우 착용] 073530 에코 레더 바머 자켓_black
                
"
https://image.msscdn.net/images/goods_img/20230904/3527297/3527297_16989052818830_125.jpg,https://www.musinsa.com/app/goods/3527297,"


                  VEGAN LEATHER JACKET NON-WASHING, BROWN
                
"
https://image.msscdn.net/images/goods_img/20230905/3532522/3532522_16986437278756_125.jpg,https://www.musinsa.com/app/goods/3532522,"


                  VEGAN LEATHER BIKER BLOUSON - BLACK
                
"
https://image.msscdn.net/images/goods_img/20230831/3519936/3519936_17005696401744_125.jpg,https://www.musinsa.com/app/goods/3519936,"


                  심볼 브로치 폭스 레더 자켓 글로시 브라운
                
"
https://image.msscdn.net/images/goods_img/20200416/1405800/1405800_1_125.jpg,https://www.musinsa.com/app/goods/1405800,"


                  포켓 레더 트러커 자켓 AJK201002-BK
                
"
https://image.msscdn.net/images/goods_img/20230921/3584564/3584564_16970397936304_125.jpg,https://www.musinsa.com/app/goods/3584564,"


                  퓨처라 프리 자켓
                
"
https://image.msscdn.net/images/goods_img/20240417/4062011/4062011_17133437355281_125.jpg,https://www.musinsa.com/app/goods/4062011,"


                  Burnt Faux Leather Jacket (Grey)
                
"
https://image.msscdn.net/images/goods_img/20230901/3520477/3520477_16935302695649_125.jpg,https://www.musinsa.com/app/goods/3520477,"


                  8106-1 바시티 레더 자켓_레드
                
"
https://image.msscdn.net/images/goods_img/20210201/1770860/1770860_5_125.jpg,https://www.musinsa.com/app/goods/1770860,"


                  오버핏 싱글 레더 숏 자켓_블랙
                
"
https://image.msscdn.net/images/goods_img/20230630/3390555/3390555_16927663744452_125.jpg,https://www.musinsa.com/app/goods/3390555,"


                  87-STAN016 [비건 레더] 필드 포켓 레더 자켓 아이보리
                
"
https://image.msscdn.net/images/goods_img/20230630/3390518/3390518_16927655964018_125.jpg,https://www.musinsa.com/app/goods/3390518,"


                  87-STAN010 [비건 레더] 스탠다드 블루종 레더 자켓 블랙
                
"
https://image.msscdn.net/images/goods_img/20230203/3058543/3058543_16758370248081_125.jpg,https://www.musinsa.com/app/goods/3058543,"


                  네추럴 필링 풀업 가죽 자켓 (블랙)
                
"
https://image.msscdn.net/images/goods_img/20170901/621582/621582_16764434963473_125.jpg,https://www.musinsa.com/app/goods/621582,"


                  램스킨 싱글 자켓
                
"
https://image.msscdn.net/images/goods_img/20240124/3818785/3818785_17062331909364_125.jpg,https://www.musinsa.com/app/goods/3818785,"


                  워시드 레더 프렌치 워크 자켓 블랙
                
"
https://image.msscdn.net/images/goods_img/20230824/3495300/3495300_16932693752746_125.jpg,https://www.musinsa.com/app/goods/3495300,"


                  포 포켓 비건 레더 자켓 블랙
                
"
https://image.msscdn.net/images/goods_img/20240108/3781506/3781506_17132329793473_125.jpg,https://www.musinsa.com/app/goods/3781506,"


                  86-IRO134 [비건스웨이드] 세미다트 스타디움 스웨이드 자켓 블랙
                
"
https://image.msscdn.net/images/goods_img/20230209/3072788/3072788_16759276197885_125.jpg,https://www.musinsa.com/app/goods/3072788,"


                  9071 VEGAN LEATHER BUTTON JACKET_ORANGE
                
"
https://image.msscdn.net/images/goods_img/20230207/3065502/3065502_16771218070378_125.jpg,https://www.musinsa.com/app/goods/3065502,"


                  빅카라 바시티 자켓 (블랙)
                
"
https://image.msscdn.net/images/goods_img/20240215/3871801/3871801_17079806379265_125.jpg,https://www.musinsa.com/app/goods/3871801,"


                  빈티지 워싱 레더 투웨이 밴디드 매니쉬 비건 자켓 [브라운]
                
"
https://image.msscdn.net/images/goods_img/20231025/3657172/3657172_17056421475848_125.jpg,https://www.musinsa.com/app/goods/3657172,"


                  배색 레더 자켓
                
"
https://image.msscdn.net/images/goods_img/20230922/3586163/3586163_16969190234783_125.jpg,https://www.musinsa.com/app/goods/3586163,"


                  VSW Faux Leather Motor Blouson Black
                
"
https://image.msscdn.net/images/goods_img/20220906/2772824/2772824_2_125.jpg,https://www.musinsa.com/app/goods/2772824,"


                  Lambskin leather trucker jacket
                
"
https://image.msscdn.net/images/goods_img/20230712/3406383/3406383_17084117013358_125.jpg,https://www.musinsa.com/app/goods/3406383,"


                  스모커 카우하이드 바이커 레더 자켓 번트 블랙
                
"
https://image.msscdn.net/images/goods_img/20230630/3390554/3390554_16927664066309_125.jpg,https://www.musinsa.com/app/goods/3390554,"


                  87-STAN016 [비건 레더] 필드 포켓 레더 자켓 블랙
                
"
https://image.msscdn.net/images/goods_img/20240208/3858649/3858649_17073693932432_125.jpg,https://www.musinsa.com/app/goods/3858649,"


                  Leather collar point string safari jumper_Beige
                
"
https://image.msscdn.net/images/goods_img/20230830/3515855/3515855_17095171521011_125.jpg,https://www.musinsa.com/app/goods/3515855,"


                  Signal vegetable leather jumper
                
"
https://image.msscdn.net/images/goods_img/20220113/2306772/2306772_17083906098319_125.jpg,https://www.musinsa.com/app/goods/2306772,"


                  Urban Leather Jacket (Black)
                
"
https://image.msscdn.net/images/goods_img/20230217/3090521/3090521_17096033671733_125.jpg,https://www.musinsa.com/app/goods/3090521,"


                  [비건레더] 미니멀 절개 레더 자켓_블랙
                
"
https://image.msscdn.net/images/goods_img/20230919/3574204/3574204_17050411605846_125.jpg,https://www.musinsa.com/app/goods/3574204,"


                  85-VIVA006 [비건 레더] 후드 스트링 레더 자켓 블랙
                
"
https://image.msscdn.net/images/goods_img/20230901/3520508/3520508_16935305656938_125.jpg,https://www.musinsa.com/app/goods/3520508,"


                  8128 바시티 레더 자켓_레드
                
"
https://image.msscdn.net/images/goods_img/20240206/3851611/3851611_17073711113849_125.jpg,https://www.musinsa.com/app/goods/3851611,"


                  CRACK LEATHER HOODED JACKET BROWN
                
"
https://image.msscdn.net/images/goods_img/20240219/3881840/3881840_17083542427196_125.jpg,https://www.musinsa.com/app/goods/3881840,"


                  TOGGLE LEATHER JACKET / BLACK
                
"
https://image.msscdn.net/images/goods_img/20220104/2290171/2290171_2_125.jpg,https://www.musinsa.com/app/goods/2290171,"


                  8020 비건레더 빈티지 오버핏자켓_블랙
                
"
https://image.msscdn.net/images/goods_img/20230120/3036130/3036130_16745604392461_125.jpg,https://www.musinsa.com/app/goods/3036130,"


                  버핑레더 리스토어 바시티 자켓_Black
                
"
https://image.msscdn.net/images/goods_img/20210929/2153170/2153170_1_125.jpg,https://www.musinsa.com/app/goods/2153170,"


                  BN Vegan Leather Hidden Jacket (Red)
                
"
https://image.msscdn.net/images/goods_img/20230614/3365130/3365130_16867520405516_125.jpg,https://www.musinsa.com/app/goods/3365130,"


                  비건 레더 숏 자켓
                
"
https://image.msscdn.net/images/goods_img/20240312/3944718/3944718_17104844712981_125.jpg,https://www.musinsa.com/app/goods/3944718,"


                  버튼 레더 블루종 집업 자켓 (BROWN)
                
"
https://image.msscdn.net/images/goods_img/20230913/3557303/3557303_16953017673444_125.jpg,https://www.musinsa.com/app/goods/3557303,"


                  Embroidery Leather Jacket - Black
                
"
https://image.msscdn.net/images/goods_img/20231023/3650479/3650479_17114399018806_125.jpg,https://www.musinsa.com/app/goods/3650479,"


                  Vegan Leather Racing  Varsity Jacket  Black
                
"
